{
  "annotations": {
    "list": [
      {
        "builtIn": 1,
        "datasource": "-- Grafana --",
        "enable": true,
        "hide": true,
        "iconColor": "rgba(0, 211, 255, 1)",
        "name": "Annotations & Alerts",
        "target": {
          "limit": 100,
          "matchAny": false,
          "tags": [],
          "type": "dashboard"
        },
        "type": "dashboard"
      }
    ]
  },
  "editable": true,
  "fiscalYearStartMonth": 0,
  "graphTooltip": 0,
  "id": 7,
  "iteration": 1643600489955,
  "links": [],
  "liveNow": false,
  "panels": [
    {
      "collapsed": false,
      "gridPos": {
        "h": 1,
        "w": 24,
        "x": 0,
        "y": 0
      },
      "id": 2,
      "panels": [],
      "title": "API BASIC",
      "type": "row"
    },
    {
      "description": "API uptime",
      "fieldConfig": {
        "defaults": {
          "color": {
            "mode": "thresholds"
          },
          "mappings": [],
          "thresholds": {
            "mode": "absolute",
            "steps": [
              {
                "color": "dark-blue",
                "value": null
              }
            ]
          },
          "unit": "dthms"
        },
        "overrides": []
      },
      "gridPos": {
        "h": 3,
        "w": 4,
        "x": 0,
        "y": 1
      },
      "id": 4,
      "options": {
        "colorMode": "value",
        "graphMode": "none",
        "justifyMode": "auto",
        "orientation": "auto",
        "reduceOptions": {
          "calcs": [
            "lastNotNull"
          ],
          "fields": "",
          "values": false
        },
        "textMode": "auto"
      },
      "pluginVersion": "8.3.4",
      "targets": [
        {
          "datasource": {
            "type": "prometheus",
            "uid": "PybU_5x7k"
          },
          "exemplar": true,
          "expr": "process_uptime_seconds{application=\"$application\", instance=\"$instance\", job=\"app-forum-api\"}",
          "interval": "",
          "legendFormat": "",
          "refId": "A"
        }
      ],
      "title": "UPTIME",
      "type": "stat"
    },
    {
      "description": "Usuários logados no último minuto",
      "fieldConfig": {
        "defaults": {
          "color": {
            "mode": "thresholds"
          },
          "decimals": 0,
          "mappings": [],
          "thresholds": {
            "mode": "absolute",
            "steps": [
              {
                "color": "dark-green",
                "value": null
              }
            ]
          },
          "unit": "short"
        },
        "overrides": []
      },
      "gridPos": {
        "h": 3,
        "w": 4,
        "x": 4,
        "y": 1
      },
      "id": 8,
      "options": {
        "colorMode": "value",
        "graphMode": "none",
        "justifyMode": "auto",
        "orientation": "auto",
        "reduceOptions": {
          "calcs": [
            "lastNotNull"
          ],
          "fields": "",
          "values": false
        },
        "textMode": "auto"
      },
      "pluginVersion": "8.3.4",
      "targets": [
        {
          "datasource": {
            "type": "prometheus",
            "uid": "PybU_5x7k"
          },
          "exemplar": true,
          "expr": "increase(auth_user_success_total[1m])",
          "interval": "",
          "legendFormat": "",
          "refId": "A"
        }
      ],
      "title": "USERS LOGGED",
      "type": "stat"
    },
    {
      "description": "Pool de conexões JDBC",
      "fieldConfig": {
        "defaults": {
          "color": {
            "mode": "thresholds"
          },
          "mappings": [],
          "thresholds": {
            "mode": "absolute",
            "steps": [
              {
                "color": "dark-red",
                "value": null
              },
              {
                "color": "dark-green",
                "value": 10
              }
            ]
          },
          "unit": "short"
        },
        "overrides": []
      },
      "gridPos": {
        "h": 3,
        "w": 4,
        "x": 8,
        "y": 1
      },
      "id": 14,
      "options": {
        "colorMode": "value",
        "graphMode": "none",
        "justifyMode": "auto",
        "orientation": "auto",
        "reduceOptions": {
          "calcs": [
            "lastNotNull"
          ],
          "fields": "",
          "values": false
        },
        "textMode": "auto"
      },
      "pluginVersion": "8.3.4",
      "targets": [
        {
          "datasource": {
            "type": "prometheus",
            "uid": "PybU_5x7k"
          },
          "exemplar": true,
          "expr": "hikaricp_connections{application=\"$application\", instance=\"$instance\", job=\"app-forum-api\", pool=\"$pool\"}",
          "interval": "",
          "legendFormat": "",
          "refId": "A"
        }
      ],
      "title": "JDBC POOL",
      "type": "stat"
    },
    {
      "description": "Estado das conexões com o database",
      "fieldConfig": {
        "defaults": {
          "color": {
            "mode": "palette-classic"
          },
          "custom": {
            "axisLabel": "",
            "axisPlacement": "auto",
            "barAlignment": 0,
            "drawStyle": "line",
            "fillOpacity": 10,
            "gradientMode": "opacity",
            "hideFrom": {
              "legend": false,
              "tooltip": false,
              "viz": false
            },
            "lineInterpolation": "linear",
            "lineWidth": 1,
            "pointSize": 5,
            "scaleDistribution": {
              "type": "linear"
            },
            "showPoints": "never",
            "spanNulls": false,
            "stacking": {
              "group": "A",
              "mode": "none"
            },
            "thresholdsStyle": {
              "mode": "off"
            }
          },
          "mappings": [],
          "thresholds": {
            "mode": "absolute",
            "steps": [
              {
                "color": "green",
                "value": null
              }
            ]
          },
          "unit": "short"
        },
        "overrides": []
      },
      "gridPos": {
        "h": 6,
        "w": 11,
        "x": 12,
        "y": 1
      },
      "id": 16,
      "options": {
        "legend": {
          "calcs": [
            "min",
            "max",
            "lastNotNull"
          ],
          "displayMode": "table",
          "placement": "right"
        },
        "tooltip": {
          "mode": "single"
        }
      },
      "targets": [
        {
          "datasource": {
            "type": "prometheus",
            "uid": "PybU_5x7k"
          },
          "exemplar": true,
          "expr": "hikaricp_connections_active{application=\"$application\", instance=\"$instance\", job=\"app-forum-api\", pool=\"$pool\"}",
          "interval": "",
          "legendFormat": "active",
          "refId": "A"
        },
        {
          "datasource": {
            "type": "prometheus",
            "uid": "PybU_5x7k"
          },
          "exemplar": true,
          "expr": "hikaricp_connections_idle{application=\"$application\", instance=\"$instance\", job=\"app-forum-api\", pool=\"$pool\"}",
          "hide": false,
          "interval": "",
          "legendFormat": "idle",
          "refId": "B"
        },
        {
          "datasource": {
            "type": "prometheus",
            "uid": "PybU_5x7k"
          },
          "exemplar": true,
          "expr": "hikaricp_connections_pending{application=\"$application\", instance=\"$instance\", job=\"app-forum-api\", pool=\"$pool\"}",
          "hide": false,
          "interval": "",
          "legendFormat": "pending",
          "refId": "C"
        }
      ],
      "title": "CONNECTION STATE",
      "type": "timeseries"
    },
    {
      "description": "Hora da inicialização da API",
      "fieldConfig": {
        "defaults": {
          "color": {
            "mode": "thresholds"
          },
          "mappings": [],
          "thresholds": {
            "mode": "absolute",
            "steps": [
              {
                "color": "dark-blue",
                "value": null
              }
            ]
          },
          "unit": "dateTimeAsLocalNoDateIfToday"
        },
        "overrides": []
      },
      "gridPos": {
        "h": 3,
        "w": 4,
        "x": 0,
        "y": 4
      },
      "id": 6,
      "options": {
        "colorMode": "value",
        "graphMode": "none",
        "justifyMode": "auto",
        "orientation": "auto",
        "reduceOptions": {
          "calcs": [
            "lastNotNull"
          ],
          "fields": "",
          "values": false
        },
        "textMode": "auto"
      },
      "pluginVersion": "8.3.4",
      "targets": [
        {
          "datasource": {
            "type": "prometheus",
            "uid": "PybU_5x7k"
          },
          "exemplar": true,
          "expr": "process_start_time_seconds{application=\"$application\", instance=\"$instance\", job=\"app-forum-api\"} * 1000",
          "interval": "",
          "legendFormat": "",
          "refId": "A"
        }
      ],
      "title": "START TIME",
      "type": "stat"
    },
    {
      "description": "Erros de autenticação no último minuto",
      "fieldConfig": {
        "defaults": {
          "color": {
            "mode": "thresholds"
          },
          "decimals": 0,
          "mappings": [],
          "thresholds": {
            "mode": "absolute",
            "steps": [
              {
                "color": "dark-green",
                "value": null
              },
              {
                "color": "dark-orange",
                "value": 5
              },
              {
                "color": "dark-red",
                "value": 10
              }
            ]
          },
          "unit": "short"
        },
        "overrides": []
      },
      "gridPos": {
        "h": 3,
        "w": 4,
        "x": 4,
        "y": 4
      },
      "id": 10,
      "options": {
        "colorMode": "value",
        "graphMode": "none",
        "justifyMode": "auto",
        "orientation": "auto",
        "reduceOptions": {
          "calcs": [
            "lastNotNull"
          ],
          "fields": "",
          "values": false
        },
        "textMode": "auto"
      },
      "pluginVersion": "8.3.4",
      "targets": [
        {
          "datasource": {
            "type": "prometheus",
            "uid": "PybU_5x7k"
          },
          "exemplar": true,
          "expr": "increase(auth_user_error_total[1m])",
          "interval": "",
          "legendFormat": "",
          "refId": "A"
        }
      ],
      "title": "AUTH ERRORS",
      "type": "stat"
    },
    {
      "description": "Conexões com o database em timeout",
      "fieldConfig": {
        "defaults": {
          "color": {
            "mode": "thresholds"
          },
          "decimals": 0,
          "mappings": [],
          "thresholds": {
            "mode": "absolute",
            "steps": [
              {
                "color": "dark-green",
                "value": null
              },
              {
                "color": "dark-red",
                "value": 2
              }
            ]
          },
          "unit": "short"
        },
        "overrides": []
      },
      "gridPos": {
        "h": 3,
        "w": 4,
        "x": 8,
        "y": 4
      },
      "id": 18,
      "options": {
        "colorMode": "value",
        "graphMode": "none",
        "justifyMode": "auto",
        "orientation": "auto",
        "reduceOptions": {
          "calcs": [
            "lastNotNull"
          ],
          "fields": "",
          "values": false
        },
        "textMode": "auto"
      },
      "pluginVersion": "8.3.4",
      "targets": [
        {
          "datasource": {
            "type": "prometheus",
            "uid": "PybU_5x7k"
          },
          "exemplar": true,
          "expr": "increase(hikaricp_connections_timeout_total{application=\"$application\", instance=\"$instance\", job=\"app-forum-api\", pool=\"$pool\"}[1m])",
          "interval": "",
          "legendFormat": "",
          "refId": "A"
        }
      ],
      "title": "DB CONNECTION TIMEOUT",
      "type": "stat"
    },
    {
      "description": "Warnings e erros logados nos últimos 5 minutos",
      "fieldConfig": {
        "defaults": {
          "color": {
            "mode": "palette-classic"
          },
          "custom": {
            "axisLabel": "",
            "axisPlacement": "auto",
            "barAlignment": 0,
            "drawStyle": "line",
            "fillOpacity": 10,
            "gradientMode": "opacity",
            "hideFrom": {
              "legend": false,
              "tooltip": false,
              "viz": false
            },
            "lineInterpolation": "linear",
            "lineWidth": 1,
            "pointSize": 5,
            "scaleDistribution": {
              "type": "linear"
            },
            "showPoints": "never",
            "spanNulls": false,
            "stacking": {
              "group": "A",
              "mode": "none"
            },
            "thresholdsStyle": {
              "mode": "off"
            }
          },
          "decimals": 0,
          "mappings": [],
          "thresholds": {
            "mode": "absolute",
            "steps": [
              {
                "color": "green",
                "value": null
              },
              {
                "color": "red",
                "value": 80
              }
            ]
          },
          "unit": "short"
        },
        "overrides": [
          {
            "matcher": {
              "id": "byName",
              "options": "error"
            },
            "properties": [
              {
                "id": "color",
                "value": {
                  "fixedColor": "dark-red",
                  "mode": "fixed"
                }
              }
            ]
          },
          {
            "matcher": {
              "id": "byName",
              "options": "warn"
            },
            "properties": [
              {
                "id": "color",
                "value": {
                  "fixedColor": "dark-yellow",
                  "mode": "fixed"
                }
              }
            ]
          }
        ]
      },
      "gridPos": {
        "h": 6,
        "w": 23,
        "x": 0,
        "y": 7
      },
      "id": 12,
      "options": {
        "legend": {
          "calcs": [
            "min",
            "max",
            "lastNotNull",
            "sum"
          ],
          "displayMode": "table",
          "placement": "right"
        },
        "tooltip": {
          "mode": "single"
        }
      },
      "targets": [
        {
          "datasource": {
            "type": "prometheus",
            "uid": "PybU_5x7k"
          },
          "exemplar": true,
          "expr": "sum(increase(logback_events_total{application=\"$application\", instance=\"$instance\", job=\"app-forum-api\", level=\"warn\"}[5m]))",
          "interval": "",
          "legendFormat": "warn",
          "refId": "A"
        },
        {
          "datasource": {
            "type": "prometheus",
            "uid": "PybU_5x7k"
          },
          "exemplar": true,
          "expr": "sum(increase(logback_events_total{application=\"$application\", instance=\"$instance\", job=\"app-forum-api\", level=\"error\"}[5m]))",
          "hide": false,
          "interval": "",
          "legendFormat": "error",
          "refId": "B"
        }
      ],
      "title": "WARN & ERROR LOG",
      "type": "timeseries"
    }
  ],
  "refresh": "5s",
  "schemaVersion": 34,
  "style": "dark",
  "tags": [],
  "templating": {
    "list": [
      {
        "current": {
          "selected": false,
          "text": "app-forum-api",
          "value": "app-forum-api"
        },
        "definition": "label_values(application)",
        "hide": 0,
        "includeAll": false,
        "label": "application",
        "multi": false,
        "name": "application",
        "options": [],
        "query": {
          "query": "label_values(application)",
          "refId": "StandardVariableQuery"
        },
        "refresh": 1,
        "regex": "",
        "skipUrlSync": false,
        "sort": 0,
        "type": "query"
      },
      {
        "current": {
          "selected": false,
          "text": "app-forum-api:8080",
          "value": "app-forum-api:8080"
        },
        "definition": "label_values(jvm_classes_loaded_classes{application=\"$application\"}, instance)",
        "hide": 0,
        "includeAll": false,
        "label": "instance",
        "multi": false,
        "name": "instance",
        "options": [],
        "query": {
          "query": "label_values(jvm_classes_loaded_classes{application=\"$application\"}, instance)",
          "refId": "StandardVariableQuery"
        },
        "refresh": 1,
        "regex": "",
        "skipUrlSync": false,
        "sort": 0,
        "type": "query"
      },
      {
        "current": {
          "selected": false,
          "text": "HikariPool-1",
          "value": "HikariPool-1"
        },
        "definition": "label_values(hikaricp_connections{instance=\"$instance\", application=\"$application\"}, pool)",
        "hide": 0,
        "includeAll": false,
        "label": "pool",
        "multi": false,
        "name": "pool",
        "options": [],
        "query": {
          "query": "label_values(hikaricp_connections{instance=\"$instance\", application=\"$application\"}, pool)",
          "refId": "StandardVariableQuery"
        },
        "refresh": 1,
        "regex": "",
        "skipUrlSync": false,
        "sort": 0,
        "type": "query"
      }
    ]
  },
  "time": {
    "from": "now-5m",
    "to": "now"
  },
  "timepicker": {},
  "timezone": "",
  "title": "dash-forum-api",
  "uid": "8tnUJQbnz",
  "version": 3,
  "weekStart": ""
}